Workbook

Sheet How to use
A1: How to use — D.fend Fin Crime Forum Workback Plan
A3: 'Dashboard' tab
B4: The dashboard gives a high-level summary of all activities on the 'Activities' tab: total activities, completed vs. outstanding tasks, progress by workstream, and outstanding tasks by owner. Use it to quickly gauge overall Forum readiness and spot areas needing attention.
A6: 'Gantt Chart' tab
B7: A week-by-week view of when each workstream is active, from kickoff through the Forum date and post-event wrap-up. Use it for a quick visual of what should be running in any given week.
A9: 'Activities' tab
A10: Term | B10: Description
A11: Workstream | B11: Grouping of related activities by phase of the event (e.g., Survey Fielding & Insights, Venue and Catering Finalization).
A12: Activity | B12: A specific task that needs to be completed within a workstream (start with a verb).
A13: What "Done" Looks Like | B13: Clear definition of what successful completion of the activity looks like.
A14: Dependencies | B14: Other activity number(s) that must be complete first, and why.
A15: Start / End Date | B15: Planned start and end date for the activity (yyyy-mm-dd).
A16: Duration | B16: Auto-calculated from Start/End Date once both are filled in.
A17: Actual End Date | B17: The date the activity was actually completed — used to track slippage vs. plan.
A18: Ownership | B18: The person/role responsible for the activity. Keep the 'Dashboard' owner list (cells A26:A32) in sync with who's assigned.
A19: Status | B19: Select from the dropdown: Complete / In progress / --. Cells shade automatically (green = Complete, yellow = In progress).
A21: 'Team Coordination' tab
B22: Day-of roles and responsibilities for the organizing team (registration desk, AV/tech, moderator support, etc.).
A24: 'Reference' tab
B25: Quick links and notes for recurring event-logistics needs (registration platform, AV/IT support, signage, badge printing).

Sheet Dashboard
A1: D.fend Fin Crime Forum – Event Workback Dashboard
A3: Forum Date: | B3: 2026-11-13
A4: Days to Forum: | B4: =B3-TODAY()
A6: Total Activities | C6: Completed Activities | E6: Outstanding Activities
A7: =COUNTA(Activities!C3:C200) | C7: =COUNTIF(Activities!K3:K200,"Complete") | E7: =A7-C7
A9: Workstream Summary
A10: Workstream | B10: Total Activities | C10: Completed | D10: Outstanding
A11: Survey Fielding & Insights | B11: =COUNTIF(Activities!$B$3:$B$200,A11) | C11: =COUNTIFS(Activities!$B$3:$B$200,A11,Activities!$K$3:$K$200,"Complete") | D11: =B11-C11
A12: Agenda and Topic Finalization | B12: =COUNTIF(Activities!$B$3:$B$200,A12) | C12: =COUNTIFS(Activities!$B$3:$B$200,A12,Activities!$K$3:$K$200,"Complete") | D12: =B12-C12
A13: Venue and Catering Finalization | B13: =COUNTIF(Activities!$B$3:$B$200,A13) | C13: =COUNTIFS(Activities!$B$3:$B$200,A13,Activities!$K$3:$K$200,"Complete") | D13: =B13-C13
A14: Invitation & Registration Materials | B14: =COUNTIF(Activities!$B$3:$B$200,A14) | C14: =COUNTIFS(Activities!$B$3:$B$200,A14,Activities!$K$3:$K$200,"Complete") | D14: =B14-C14
A15: Findings Deck & Presentation Materials | B15: =COUNTIF(Activities!$B$3:$B$200,A15) | C15: =COUNTIFS(Activities!$B$3:$B$200,A15,Activities!$K$3:$K$200,"Complete") | D15: =B15-C15
A16: Pre-Event Planning | B16: =COUNTIF(Activities!$B$3:$B$200,A16) | C16: =COUNTIFS(Activities!$B$3:$B$200,A16,Activities!$K$3:$K$200,"Complete") | D16: =B16-C16
A17: Outreach and Registration | B17: =COUNTIF(Activities!$B$3:$B$200,A17) | C17: =COUNTIFS(Activities!$B$3:$B$200,A17,Activities!$K$3:$K$200,"Complete") | D17: =B17-C17
A18: Signage & Event Logistics | B18: =COUNTIF(Activities!$B$3:$B$200,A18) | C18: =COUNTIFS(Activities!$B$3:$B$200,A18,Activities!$K$3:$K$200,"Complete") | D18: =B18-C18
A19: Event Execution Logistics | B19: =COUNTIF(Activities!$B$3:$B$200,A19) | C19: =COUNTIFS(Activities!$B$3:$B$200,A19,Activities!$K$3:$K$200,"Complete") | D19: =B19-C19
A20: Day-of Roles | B20: =COUNTIF(Activities!$B$3:$B$200,A20) | C20: =COUNTIFS(Activities!$B$3:$B$200,A20,Activities!$K$3:$K$200,"Complete") | D20: =B20-C20
A21: Day-of Event Execution | B21: =COUNTIF(Activities!$B$3:$B$200,A21) | C21: =COUNTIFS(Activities!$B$3:$B$200,A21,Activities!$K$3:$K$200,"Complete") | D21: =B21-C21
A22: Post-Event Follow-Up | B22: =COUNTIF(Activities!$B$3:$B$200,A22) | C22: =COUNTIFS(Activities!$B$3:$B$200,A22,Activities!$K$3:$K$200,"Complete") | D22: =B22-C22
A25: Outstanding Tasks by Owner
A26: Owner | B26: Total Activities | C26: Completed | D26: Outstanding
A27: Project Lead | B27: =COUNTIF(Activities!$J$3:$J$200,A27) | C27: =COUNTIFS(Activities!$J$3:$J$200,A27,Activities!$K$3:$K$200,"Complete") | D27: =B27-C27
A28: Research Lead | B28: =COUNTIF(Activities!$J$3:$J$200,A28) | C28: =COUNTIFS(Activities!$J$3:$J$200,A28,Activities!$K$3:$K$200,"Complete") | D28: =B28-C28
A29: Deck Lead | B29: =COUNTIF(Activities!$J$3:$J$200,A29) | C29: =COUNTIFS(Activities!$J$3:$J$200,A29,Activities!$K$3:$K$200,"Complete") | D29: =B29-C29
A30: Event Logistics Lead | B30: =COUNTIF(Activities!$J$3:$J$200,A30) | C30: =COUNTIFS(Activities!$J$3:$J$200,A30,Activities!$K$3:$K$200,"Complete") | D30: =B30-C30
A31: Registration & Marketing Lead | B31: =COUNTIF(Activities!$J$3:$J$200,A31) | C31: =COUNTIFS(Activities!$J$3:$J$200,A31,Activities!$K$3:$K$200,"Complete") | D31: =B31-C31
A32: Moderator / Presenter | B32: =COUNTIF(Activities!$J$3:$J$200,A32) | C32: =COUNTIFS(Activities!$J$3:$J$200,A32,Activities!$K$3:$K$200,"Complete") | D32: =B32-C32

Sheet Gantt Chart
A1: D.fend Fin Crime Forum – 10-Week Gantt (illustrative – confirm against Forum date)
A2: Workstream | B2: Wk 1 Aug 31 | C2: Wk 2 Sep 07 | D2: Wk 3 Sep 14 | E2: Wk 4 Sep 21 | F2: Wk 5 Sep 28 | G2: Wk 6 Oct 05 | H2: Wk 7 Oct 12 | I2: Wk 8 Oct 19 | J2: Wk 9 Oct 26 | K2: Wk 10 Nov 02 | L2: Wk 11 Nov 09
A3: Survey Fielding & Insights
A4: Agenda and Topic Finalization
A5: Venue and Catering Finalization
A6: Invitation & Registration Materials
A7: Findings Deck & Presentation Materials
A8: Pre-Event Planning
A9: Outreach and Registration
A10: Signage & Event Logistics
A11: Event Execution Logistics
A12: Day-of Roles
A13: Day-of Event Execution
A14: Post-Event Follow-Up
A16: D.fend Forum | L16: ◆
A18: Weeks are illustrative starting from an assumed kickoff of Aug 31, 2026 — shift all bars once the Forum date and survey launch date are confirmed.

Sheet Activities
A1: D.fend – Fin Crime Forum: Event Workback Plan
A2: Action | B2: Workstream | C2: Activity (START WITH VERB) | D2: What "Done" Looks Like | E2: Dependencies | F2: Start Date (yyyy-mm-dd) | G2: End Date (yyyy-mm-dd) | H2: Duration | I2: Actual End Date (yyyy-mm-dd) | J2: Ownership | K2: Status (Complete/In progress) | L2: Notes
A3: 1 | B3: Survey Fielding & Insights | C3: Finalize survey instrument and GLG screener logic | D3: Approved questionnaire ready for fielding | E3: None | F3: 2026-08-24 | G3: 2026-08-28 | H3: =IF(AND(F3<>"",G3<>""),G3-F3+1,"") | I3: 2026-08-28 | J3: Research Lead | K3: Complete
A4: 2 | B4: Survey Fielding & Insights | C4: Launch survey fielding via GLG | D4: Live survey link distributed to GLG panel | E4: #1 | H4: =IF(AND(F4<>"",G4<>""),G4-F4+1,"")
A5: 3 | B5: Survey Fielding & Insights | C5: Monitor fielding progress and quota fill (Week 1) | D5: Daily response/quota tracking in place | E5: #2 | H5: =IF(AND(F5<>"",G5<>""),G5-F5+1,"")
A6: 4 | B6: Survey Fielding & Insights | C6: Mid-field quota check and rebalancing (Week 2) | D6: Quota gaps identified and outreach adjusted | E6: #3 | H6: =IF(AND(F6<>"",G6<>""),G6-F6+1,"")
A7: 5 | B7: Survey Fielding & Insights | C7: Final quota push and close fielding (Week 3) | D7: Fielding closed with quotas met | E7: #4 | H7: =IF(AND(F7<>"",G7<>""),G7-F7+1,"")
A8: 6 | B8: Survey Fielding & Insights | C8: Milestone 1 – Survey Fielding Closed | D8: Closed, validated dataset ready for tabulation | H8: =IF(AND(F8<>"",G8<>""),G8-F8+1,"")
A9: 7 | B9: Survey Fielding & Insights | C9: Tabulate results and build cross-tabs | D9: Cross-tabbed results by segment (banking/insurance, region) | E9: #6 | H9: =IF(AND(F9<>"",G9<>""),G9-F9+1,"")
A10: 8 | B10: Survey Fielding & Insights | C10: Populate findings into the storyboard deck | D10: Draft findings deck complete | E10: #7 | H10: =IF(AND(F10<>"",G10<>""),G10-F10+1,"")
A11: 9 | B11: Survey Fielding & Insights | C11: Milestone 2 – Survey Findings & Draft Deck Complete | D11: First full draft of findings deck ready for review | E11: #8 | H11: =IF(AND(F11<>"",G11<>""),G11-F11+1,"")
A12: 10 | B12: Agenda and Topic Finalization | C12: Discuss anticipated attendees and seniority targets with leadership | D12: Defined attendee profile and attendance target | E12: None | H12: =IF(AND(F12<>"",G12<>""),G12-F12+1,"")
A13: 11 | B13: Agenda and Topic Finalization | C13: Draft Forum agenda informed by survey headline findings | D13: Draft agenda mapped to the 5 research themes | E13: #9 | H13: =IF(AND(F13<>"",G13<>""),G13-F13+1,"")
A14: 12 | B14: Agenda and Topic Finalization | C14: Review agenda and session structure with leadership | D14: Incorporated leadership feedback into draft agenda | E14: #11 | H14: =IF(AND(F14<>"",G14<>""),G14-F14+1,"")
A15: 13 | B15: Agenda and Topic Finalization | C15: Confirm keynote/panel/breakout topics and speakers | D15: Confirmed session owners and formats | E15: #12 | H15: =IF(AND(F15<>"",G15<>""),G15-F15+1,"")
A16: 14 | B16: Agenda and Topic Finalization | C16: Obtain leadership approval of final agenda | D16: Finalized and approved agenda for distribution | E16: #13 | H16: =IF(AND(F16<>"",G16<>""),G16-F16+1,"")
A17: 15 | B17: Agenda and Topic Finalization | C17: Milestone 3 – Agenda & Attendee Targets Confirmed | D17: Confirmed attendee targets and approved agenda | E17: #14 | H17: =IF(AND(F17<>"",G17<>""),G17-F17+1,"")
A18: 16 | B18: Venue and Catering Finalization | C18: Check venue availability (Deloitte office or external) for target date | D18: Identified venue options and confirmed availability | E18: None | H18: =IF(AND(F18<>"",G18<>""),G18-F18+1,"")
A19: 17 | B19: Venue and Catering Finalization | C19: Confirm date and venue with leadership | D19: Aligned with leadership on venue availability | E19: #16 | H19: =IF(AND(F19<>"",G19<>""),G19-F19+1,"")
A20: 18 | B20: Venue and Catering Finalization | C20: Book event space and reserve registration area | D20: Secured venue booking and registration table reservation | E20: #17 | H20: =IF(AND(F20<>"",G20<>""),G20-F20+1,"")
... A63: 61 | B63: Post-Event Follow-Up | C63: Update workback plan with lessons learned for next event | D63: Workback plan updated for future Forum planning | E63: #60 | H63: =IF(AND(F63<>"",G63<>""),G63-F63+1,"")
B65: Legend: white cells = fill in as you plan/execute. Row 3 is a worked example. Status auto-shades from the dropdown in column K.

Sheet Team Coordination
A1: Day-of Team Coordination
A2: Role | B2: Quantity | C2: What They Do | D2: Assigned To
A3: Logistics Team Lead | B3: 1 | C3: Overall day-of point of contact; coordinates venue, catering, and AV
A4: Registration Desk | B4: 2 | C4: Check in attendees, distribute name tags and materials
A5: AV/IT Support | B5: 1 | C5: Manage presentation, videoconferencing, and technical troubleshooting
A6: Moderator | B6: 1 | C6: Runs the agenda, introduces speakers, keeps sessions on time
A7: Time Keeper / Mic Runner | B7: 1 | C7: Signals time remaining to speakers; runs mic during Q&A
A8: Slide Assistant | B8: 1 | C8: Advances slides and cues transitions for presenters
A9: Note Taker | B9: 1 | C9: Captures key discussion points for the post-event summary
A10: Attendee Flow / Elevator Coordinator | B10: 1 | C10: Directs attendees from entrance/elevator to event space

Sheet Reference
A1: Reference – Links & Notes
A2: Activity | B2: Link / Resource | C2: Notes
A3: Register external guests | B3: [Internal registration/ServiceNow link]
A4: AV / videoconferencing support | B4: [Internal IT support request link] | C4: Confirm needs at least 1 week before the Forum
A5: Print name tags | B5: [Internal print-service request link] | C5: [Contact / lead-time note]
A6: Order lanyards, badge holders, name trays | B6: [Internal supplies request link] | C6: Each name tray typically holds ~50 tags — confirm quantity
A7: GLG survey fielding platform | B7: [GLG project/portal link] | C7: Primary channel for survey fielding status
